Rank,Previous Rank,First Appearance,First Rank,Name,Computer,Site,Manufacturer,Country,Year,Segment,Total Cores,Accelerator/Co-Processor Cores,Rmax [TFlop/s],Rpeak [TFlop/s],Nmax,Nhalf,HPCG [TFlop/s],Power (kW),Power Source,Energy Efficiency [GFlops/Watts],Memory,Architecture,Processor,Processor Technology,Processor Speed (MHz),Operating System,OS Family,Accelerator/Co-Processor,Cores per Socket,Processor Generation,System Model,System Family,Interconnect Family,Interconnect,Continent,Site ID,System ID
12,10.0,60,4,Leonardo,"BullSequana XH2000, Xeon Platinum 8358 32C 2.6GHz, NVIDIA A100 SXM4 64 GB, Quad-rail NVIDIA HDR100 Infiniband",EuroHPC/CINECA,Bull,Italy,2023,Academic,1824768,1714176.0,241200.0,306311.16,10229760.0,,3113.94,7493.74,Submitted,32.1868653,,Cluster,Xeon Platinum 8358 32C 2.6GHz,Intel Ice Lake,2600,Linux,Linux,NVIDIA A100 SXM4 64 GB,32,Xeon Platinum 83xx (Ice Lake),BullSequana XH2000,BullSequana,Infiniband,Quad-rail NVIDIA HDR100 Infiniband,Europe,50944,180128
13,11.0,65,11,Isambard-AI phase 2,"HPE Cray EX254n, NVIDIA Grace 72C 3.1GHz, NVIDIA GH200 Superchip, Slingshot-11, HPE Cray OS",University of Bristol,HPE,United Kingdom,2025,Academic,1028160,665280.0,216500.0,278576.93,10399744.0,,,,,,,MPP,NVIDIA Grace 72C 3.1GHz,NVIDIA Grace CPU,3100,HPE Cray OS,Linux,NVIDIA GH200 Superchip,72,NVIDIA Grace,HPE Cray EX254n,HPE Cray EX,Gigabit Ethernet,Slingshot-11,Europe,49136,180388
22,18.0,66,18,Shaheen III - GPU,"HPE Cray EX254n, NVIDIA Grace 72C 3.1GHz, NVIDIA GH200 Superchip, Slingshot-11, HPE Cray OS",King Abdullah University of Science and Technology,HPE,Saudi Arabia,2025,Academic,574464,371712.0,122800.0,155206.47,8003584.0,,1205.84,1980.0,Submitted,62.02020202,,MPP,NVIDIA Grace 72C 3.1GHz,NVIDIA Grace CPU,3100,HPE Cray OS,Linux,NVIDIA GH200 Superchip,72,NVIDIA Grace,HPE Cray EX254n,HPE Cray EX,Gigabit Ethernet,Slingshot-11,Asia,50205,180407
49,40.0,64,27,Jean Zay H100,"Bull Sequana, Xeon Platinum 8468 48C 2.1GHz, NVIDIA H100 SXM5 80GB, Quad-Rail NVIDIA InfiniBand NDR200, Red Hat Enterprise Linux",CNRS/IDRIS-GENCI,Bull,France,2024,Academic,227136,192192.0,52180.0,71424.0,3821568.0,,,,,,,Cluster,Xeon Platinum 8468 48C 2.1GHz,Intel Sapphire Rapids,2100,Red Hat Enterprise Linux,Linux,NVIDIA H100 SXM5 80GB,48,Xeon Platinum (Sapphire Rapids),Bull Sequana,Bull Cluster,Infiniband,Quad-Rail NVIDIA InfiniBand NDR200,Europe,50403,180304
52,42.0,64,28,Miyabi-G,"Supermicro ARS 111GL DNHR LCC, Grace Hopper Superchip 72C 3GHz, Infiniband NDR200, Rocky Linux",Joint Center for Advanced High Performance Computing,Fujitsu,Japan,2024,Academic,221952,143616.0,46800.0,72796.08,4889600.0,,645.134,983.44,Submitted,47.58805824,,Cluster,GH Superchip 72C 3GHz,NVIDIA Grace CPU,3000,Rocky Linux,Linux,NVIDIA GH200 Superchip,72,NVIDIA Grace,Supermicro ARS 111GL DNHR LCC,Supermicro Cluster,Infiniband,Infiniband NDR200,Asia,50673,180297
55,45.0,59,10,Adastra,"HPE Cray EX235a, AMD Optimized 3rd Generation EPYC 64C 2GHz, AMD Instinct MI250X, Slingshot-11",Grand Equipement National de Calcul Intensif - Centre Informatique National de l'Enseignement Suprieur (GENCI-CINES),HPE,France,2022,Academic,319072,297440.0,46100.0,61607.94,4492800.0,,562.01,921.48,Submitted,50.02821548,,MPP,AMD Optimized 3rd Generation EPYC 64C 2GHz,AMD Zen-3 (Milan),2000,HPE Cray OS,Linux,AMD Instinct MI250X,64,AMD Zen-3 (Milan),HPE Cray EX235a,HPE Cray EX,Gigabit Ethernet,Slingshot-11,Europe,50203,180051
62,51.0,63,31,TSUBAME4.0,"HPE Cray XD665, AMD EPYC 9654 96C 3.55GHz, Nvidia H100 SXM5 94Gb, Infiniband NDR200, Redhat Linux","CII, Institute of Science Tokyo",HPE,Japan,2024,Academic,172800,126720.0,39620.0,61601.22,3239936.0,,353.056,815.82,Submitted,48.56463436,,Cluster,AMD EPYC 9654 96C 3.55GHz,AMD Zen-4 (Genoa),3550,Redhat Linux,Linux,Nvidia H100 SXM5 94Gb,96,AMD Zen-4 (Genoa),HPE Cray XD665,HPE Cray XD,Infiniband,Infiniband NDR200,Asia,47912,180268
64,52.0,62,20,Shaheen III - CPU,"HPE Cray EX, AMD EPYC 9654 96C 2.4GHz, Slingshot-11",King Abdullah University of Science and Technology,HPE,Saudi Arabia,2023,Academic,877824,,35658.3,39607.42,10898196.0,,651.464,5301.0,Submitted,6.726711941,,MPP,AMD EPYC 9654 96C 2.4GHz,AMD Zen-4 (Genoa),2400,HPE Cray OS,Linux,None,96,AMD Zen-4 (Genoa),HPE Cray EX,HPE Cray EX,Gigabit Ethernet,Slingshot-11,Asia,50205,180179
66,,67,66,VISION,"NVIDIA DGX H200, Xeon Platinum 8480C 56C 3.8GHz, NVIDIA HGX H200 141GB, Infiniband NDR, Ubuntu 24.04",Texas A&M University,Nvidia,United States,2025,Academic,110960,100320.0,34820.0,51162.6,3543040.0,,,,,,,Cluster,Xeon Platinum 8480C 56C 3.8GHz,Intel Sapphire Rapids,3800,Ubuntu 24.04,Linux,NVIDIA HGX H200 141GB,56,Xeon Platinum (Sapphire Rapids),NVIDIA DGX H200,NVIDIA DGX,Infiniband,Infiniband NDR,North America,48957,180452
68,,67,68,Zenith,"PowerEdge XE9785L, AMD EPYC 9575F 64C 3.3GHz, AMD Instinct MI355X, Infiniband NDR400, Rocky Linux",University of Cambridge,DELL,United Kingdom,2026,Academic,156672,147456.0,34770.0,46158.34,4644864.0,3091200.0,,,,,,Cluster,AMD EPYC 9575F 64C 3.3GHz,AMD Zen-5 (Turin),3300,Rocky Linux,Linux,AMD Instinct MI355X,64,AMD Zen-5 (Turin),PowerEdge XE9785L,Dell PowerEdge Cluster,Infiniband,Infiniband NDR400,Europe,49143,180475
73,58.0,64,79,Helma,"ThinkSystem SD665-N V3, AMD EPYC 9554 64C 3.1GHz, NVIDIA H200 SXM5 141 GB, Infiniband NDR200, AlmaLinux 9.5",Universitaet Erlangen - Regionales Rechenzentrum Erlangen,MEGWARE,Germany,2024,Academic,125952,101376.0,32220.0,51028.87,2856960.0,,,651.13,Submitted,49.48320612,,Cluster,AMD EPYC 9554 64C 3.1GHz,AMD Zen-4 (Genoa),3100,AlmaLinux 9.5,Linux,Nvidia H100 SXM5 94Gb,64,AMD Zen-4 (Genoa),ThinkSystem SD665-N V3,Lenovo ThinkSystem,Infiniband,Infiniband NDR200,Europe,49515,180303
75,60.0,64,50,MUSICA Phase 1,"ThinkSystem SD665-N V3, AMD EPYC 9654 96C 2.4GHz, Nvidia H100 SXM5 94Gb, Infiniband NDR200, RHEL",MUSICA,Lenovo,Austria,2024,Academic,161280,101376.0,31840.0,53756.3136,2923520.0,,,,,,,Cluster,AMD EPYC 9654 96C 2.4GHz,AMD Zen-4 (Genoa),2400,RHEL,Linux,Nvidia H100 SXM5 94Gb,96,AMD Zen-4 (Genoa),ThinkSystem SD665-N V3,Lenovo ThinkSystem,Infiniband,Infiniband NDR200,Europe,51054,180310
80,65.0,64,44,PITAGORA,"ThinkSystem SD650-N V3, Xeon Gold 6548Y+ 32C 2.5GHz, NVIDIA H100, Infiniband NDR, Linux",CINECA,Lenovo,Italy,2024,Academic,99456,88704.0,27900.0,36966.05,2765824.0,,,,,,,Cluster,Xeon Gold 6548Y+ 32C 2.5GHz,Intel Emerald Rapids,2500,Linux,Linux,NVIDIA H100,32,Xeon Gold 65xx (Emerald Rapids),ThinkSystem SD650-N V3,Lenovo ThinkSystem,Infiniband,Infiniband NDR,Europe,47495,180348
88,73.0,64,51,Capella,"Lenovo ThinkSystem SD665-N V3, AMD EPYC 9334 32C 2.7GHz, Nvidia H100 SXM5 94Gb, Infiniband NDR200, AlmaLinux 9.4","TU Dresden, ZIH",MEGWARE,Germany,2024,Academic,85248,76032.0,24060.0,37665.2,2508800.0,,215.33,444.79,Submitted,54.09294274,,Cluster,AMD EPYC 9334 32C 2.7GHz,AMD Zen-4 (Genoa),2700,AlmaLinux 9.4,Linux,Nvidia H100 SXM5 94Gb,32,AMD Zen-4 (Genoa),ThinkSystem SD650 V3,Lenovo ThinkSystem,Infiniband,Infiniband NDR200,Europe,50565,180298
90,74.0,53,5,Frontera,"Dell C6420, Xeon Platinum 8280 28C 2.7GHz, Mellanox InfiniBand HDR",Texas Advanced Computing Center/Univ. of Texas,DELL,United States,2019,Academic,448448,,23516.4,38745.907,9262848.0,,,,,,,Cluster,Xeon Platinum 8280 28C 2.7GHz,Intel Cascade lake,2700,CentOS Linux 7,Linux,None,28,Xeon Platinum 82xx (Cascade Lake),PowerEdge C6420,Dell PowerEdge Cluster,Infiniband,Mellanox InfiniBand HDR,North America,48958,179607
91,,67,91,Roihu-G,"BullSequana XH3000, GH Superchip 72C 3GHz, NVIDIA GH200 Superchip, Quad-Rail NVIDIA InfiniBand NDR, Redhat Enterprise Linux",CSC (Center for Scientific Computing),Bull,Finland,2026,Academic,107712,69696.0,23500.0,27797.12,3301376.0,,,381.47,Submitted,61.60379584,,Cluster,GH Superchip 72C 3GHz,NVIDIA Grace CPU,3000,RHEL,Linux,NVIDIA GH200 Superchip,72,NVIDIA Grace,BullSequana XH3000,EVIDEN BullSequana,Infiniband,Quad-Rail NVIDIA InfiniBand NDR,Europe,47508,180488
99,81.0,57,13,Wisteria/BDEC-01 (Odyssey),"PRIMEHPC FX1000, A64FX 48C 2.2GHz, Tofu interconnect D","Information Technology Center, The University of Tokyo",Fujitsu,Japan,2021,Academic,368640,,22121.0,25952.26,4853760.0,,817.577,1468.0,Submitted,15.06880109,,Cluster,A64FX 48C 2.2GHz,Fujitsu ARM,2200,Red Hat Enterprise Linux,Linux,None,48,Fujitsu A64FX,PRIMEHPC FX1000,Fujitsu PRIMEHPC,Proprietary Network,Tofu interconnect D,Asia,50096,179962
110,91.0,52,8,SuperMUC-NG,"ThinkSystem SD650, Xeon Platinum 8174 24C 3.1GHz, Intel Omni-Path",Leibniz Rechenzentrum,Lenovo,Germany,2018,Academic,305856,,19476.6,26873.856,8402688.0,,207.844,,,,,Cluster,Xeon Platinum 8174 24C 3.1GHz,Intel Skylake,3100,SUSE Linux Enterprise Server 12 SP3,Linux,None,24,Xeon Platinum (Skylake),ThinkSystem SD650,Lenovo ThinkSystem,Omnipath,Intel Omni-Path,Europe,48248,179566
111,92.0,62,40,Dawn,"Dell PowerEdge XE9640, Xeon Platinum 8468 48C 2.1GHz, Intel Data Center GPU Max 1550, Infiniband HDR200",University of Cambridge,DELL,United Kingdom,2023,Academic,156864,132096.0,19458.3,53852.24,3932928.0,1966464.0,,,,,,Cluster,Xeon Platinum 8468 48C 2.1GHz,Intel Sapphire Rapids,2100,Rocky Linux 8.8,Linux,Intel Data Center GPU Max 1550,48,Xeon Platinum (Sapphire Rapids),PowerEdge XE9640,Dell PowerEdge Cluster,Infiniband,Infiniband HDR200,Europe,49143,180202
112,,67,112,Kempner AI Cluster,"ThinkSystem SD665-N V3, AMD EPYC 9374F 32C 3.85GHz, NVIDIA H200 SXM5 141 GB, Infiniband NDR400, Linux",Harvard University,Lenovo,United States,2026,Academic,61568,54912.0,19450.0,28683.7,2707456.0,,,384.49,Submitted,50.5864912,,Cluster,AMD EPYC 9374F 32C 3.85GHz,AMD Zen-4 (Genoa),3850,Linux,Linux,NVIDIA H200 SXM5 141 GB,32,AMD Zen-4 (Genoa),ThinkSystem SD665-N V3,Lenovo ThinkSystem,Infiniband,Infiniband NDR400,North America,51059,180447
116,96.0,63,55,Helios GPU,"HPE Cray EX254n, NVIDIA Grace 72C 3.1GHz, NVIDIA GH200 Superchip, Slingshot-11",Cyfronet,HPE,Poland,2023,Academic,89760,58080.0,19140.0,30443.56,3059712.0,,262.0,316.88,Submitted,60.40141378,,MPP,NVIDIA Grace 72C 3.1GHz,NVIDIA Grace CPU,3100,Linux,Linux,NVIDIA GH200 Superchip,72,NVIDIA Grace,HPE Cray EX254n,HPE Cray EX,Gigabit Ethernet,Slingshot-11,Europe,47634,180244
119,100.0,65,89,DeltaAI,"HPE Cray EX254n, NVIDIA Grace 72C 3.1GHz, NVIDIA GH200 Superchip, Slingshot-11, SLES 15 SP5",NCSA,HPE,United States,2025,Academic,124032,80256.0,18080.0,33605.96,2599936.0,,,372.4,Submitted,48.54994629,,MPP,NVIDIA Grace 72C 3.1GHz,NVIDIA Grace CPU,3100,SLES 15 SP5,Linux,NVIDIA GH200 Superchip,72,NVIDIA Grace,HPE Cray EX254n,HPE Cray EX,Gigabit Ethernet,Slingshot-11,North America,48420,180364
125,106.0,57,22,HiPerGator AI,"NVIDIA DGX B200, Xeon Platinum 8570 56C 2.1GHz, NVIDIA DGX B200, Infiniband NDR400, RHEL 9.5",University of Florida,Nvidia,United States,2025,Academic,81648,74592.0,17490.0,18998.48,3317760.0,,549.055,,,,,Cluster,Xeon Platinum 8570 56C 2.1GHz,Intel Emerald Rapids,2100,RHEL 9.5,Linux,NVIDIA DGX B200,56,Xeon Platinum 85xx (Emerald Rapids),NVIDIA DGX B200,NVIDIA DGX,Infiniband,Infiniband NDR400,North America,49751,179940
126,107.0,62,49,AOBA-S,"SX-Aurora TSUBASA C401-8, Vector Engine Type 30A 16C 1.6GHz, Infiniband NDR200","Cyberscience Center, Tohoku University",NEC,Japan,2023,Academic,64512,,17221.0,19818.09,6801408.0,,1089.0,1388.81,Submitted,12.39982431,,Cluster,Vector Engine Type 30A 16C 1.6GHz,NEC Vector Engine,1600,VEOS,Linux,None,16,Vector Engine,SX-Aurora TSUBASA C401-8,SX-Aurora TSUBASA,Infiniband,Infiniband NDR200,Asia,50990,180217
127,108.0,62,51,SuperMUC-NG Phase 2,"ThinkSystem SD650-I V3, Xeon Platinum 8480L 56C 2GHz, Intel Data Center GPU Max, Infiniband HDR",Leibniz Rechenzentrum,Lenovo,Germany,2023,Academic,149760,122880.0,17190.5,27957.42,3612672.0,,,725.9,Submitted,23.68163659,,Cluster,Xeon Platinum 8480L 56C 2GHz,Intel Sapphire Rapids,2000,SLES15 SP4,Linux,Intel Data Center GPU Max,56,Xeon Platinum (Sapphire Rapids),ThinkSystem SD650-I V3,Lenovo ThinkSystem,Infiniband,Infiniband HDR,Europe,48248,180182
133,114.0,64,85,Kempner,"ThinkSystem SD665-N V3, AMD EPYC 9454 48C 2.75GHz, NVIDIA H100 80GB, Infiniband HDR, Linux",Harvard University,Lenovo,United States,2024,Academic,59904,50688.0,16290.0,20017.15,1949696.0,,,,,,,Cluster,AMD EPYC 9454 48C 2.75GHz,AMD Zen-4 (Genoa),2750,Linux,Linux,NVIDIA H100 80GB,48,AMD Zen-4 (Genoa),ThinkSystem SD665-N V3,Lenovo ThinkSystem,Infiniband,Infiniband HDR,North America,51059,180347
138,119.0,65,104,PITAGORA CPU,"ThinkSystem SD665 V3, AMD EPYC 9745 128C 2.4GHz, Infiniband NDR200, Linux",CINECA,Lenovo,Italy,2025,Academic,258048,,15271.0,19818.09,9916632.0,,,1206.88,Submitted,12.65328782,,Cluster,AMD EPYC 9745 128C 2.4GHz,AMD Zen-5 (Turin),2400,Linux,Linux,None,128,AMD Zen-5 (Turin),ThinkSystem SD665 V3,Lenovo ThinkSystem,Infiniband,Infiniband NDR200,Europe,47495,180368
139,120.0,65,105,Hopper NUS,"PowerEdge XE9680, Xeon Platinum 8480+ 56C 2GHz, NVIDIA H100/H200, Infiniband NDR400, RedHat 9.4",National University of Singapore,DELL,Singapore,2025,Academic,34592,29440.0,15050.0,24985.73,1840000.0,1011712.0,,,,,,Cluster,Xeon Platinum 8480+ 56C 2GHz,Intel Sapphire Rapids,2000,RedHat 9.4,Linux,NVIDIA H100/H200,56,Xeon Platinum (Sapphire Rapids),Dell PowerEdge XE9680,Dell PowerEdge Cluster,Infiniband,Infiniband NDR400,Asia,51063,180379
141,122.0,64,89,Santos Dumont,"BullSequana XH3000, Grace Hopper Superchip 72C 3GHz, NVIDIA GH200 Superchip, Quad-Rail NVIDIA InfiniBand NDR200, Red Hat Enterprise Linux",Laboratório Nacional de Computação Científica,Bull,Brazil,2024,Academic,68064,51744.0,14290.0,20256.0,1859584.0,,,312.03,Submitted,45.79687851,,Cluster,Xeon Platinum 8468 48C 2.1GHz,Intel Sapphire Rapids,2100,Red Hat Enterprise Linux,Linux,NVIDIA H100 SXM5 80GB,48,Xeon Platinum (Sapphire Rapids),BullSequana XH3000,EVIDEN BullSequana,Infiniband,Quad-Rail NVIDIA InfiniBand NDR200,South America,50576,180305
145,,67,145,PERUN,"BullSequana XH3000, GH Superchip 72C 3GHz, NVIDIA GH200 Superchip, Quad-Rail NVIDIA InfiniBand NDR, Redhat Enterprise Linux",Slovak Academy of Sciences (SAV),Bull,Slovakia,2026,Academic,62016,40128.0,13900.0,18000.75,2564096.0,,,250.0,Submitted,55.6,,Cluster,GH Superchip 72C 3GHz,NVIDIA Grace CPU,3000,RHEL,Linux,NVIDIA GH200 Superchip,72,NVIDIA Grace,BullSequana XH3000,EVIDEN BullSequana,Infiniband,Quad-Rail NVIDIA InfiniBand NDR,Europe,50405,180487
147,128.0,63,76,Proxima,"HPE Cray XD220v/HPE Cray XD665, EPYC 9334 32C 3Ghz/Xeon Platinum 8480+ 56C 2GHz, Infiniband NDR200",PCSS Poznan,"HPE, GALAXY",Poland,2024,Academic,58224,45936.0,13816.66,23316.0,1971228.0,,,,,,,Cluster,AMD EPYC 9334 32C 3GHz,AMD Zen-4 (Genoa),3000,Rocky Linux 9.3,Linux,Nvidia H100 SXM5 94Gb,32,AMD Zen-4 (Genoa),HPE Cray XD220v,HPE Cray XD,Infiniband,Infiniband NDR200,Europe,50183,180290
150,131.0,65,114,TX-GAIN,"HP DL385 Cluster, AMD EPYC 9254 24C 3.9GHz, NVIDIA H100, 100G Ethernet, Ubuntu",MIT Lincoln Laboratory Supercomputing Center,HPE,United States,2025,Academic,99216,83952.0,13390.0,41820.0,2860032.0,,,,,,,Cluster,AMD EPYC 9254 24C 3.9GHz,AMD Zen-4 (Genoa),3900,Ubuntu,Linux,NVIDIA H100,24,AMD Zen-4 (Genoa),HP DL385 Cluster,HP Cluster Platform 3000,Gigabit Ethernet,100G Ethernet,North America,48296,180354
153,,67,153,Phase 3,"SD665-N V3 Neptune DWC, AMD EPYC 9654 96C 2.4GHz, NVIDIA H100 94GB, Infiniband NDR200, RHEL",MUSICA,Lenovo,Austria,2025,Academic,57600,42240.0,13270.0,19789.5,1853936.0,,,,,,,Cluster,AMD EPYC 9654 96C 2.4GHz,AMD Zen-4 (Genoa),2400,RHEL,Linux,NVIDIA H100 94GB,96,AMD Zen-4 (Genoa),SD665-N V3 Neptune DWC,Lenovo ThinkSystem,Infiniband,Infiniband NDR200,Europe,51054,180471
154,134.0,65,117,Olivia (GPU),"HPE Cray EX254n, NVIDIA Grace 72C 3.1GHz, NVIDIA GH200 Superchip, Slingshot-11, HPE Cray OS",Sigma2,HPE,Norway,2025,Academic,62016,40128.0,13200.0,16803.05,2627584.0,,,219.0,Submitted,60.2739726,,MPP,NVIDIA Grace 72C 3.1GHz,NVIDIA Grace CPU,3100,HPE Cray OS,Linux,NVIDIA GH200 Superchip,72,NVIDIA Grace,HPE Cray EX254n,HPE Cray EX,Gigabit Ethernet,Slingshot-11,Europe,51077,180377
159,,67,159,Redtail,"HPE Cray XD670, Xeon Platinum 8570 56C 2.1GHz, NVIDIA H200 SXM5 141 GB, Infiniband NDR, Ubuntu 24.04.3 LTS",University of Utah,HPE,United States,2026,Academic,38544,34848.0,12850.0,13630.0,2070528.0,,162.795,307.17,Submitted,41.83351239,,Cluster,Xeon Platinum 8570 56C 2.1GHz,Intel Emerald Rapids,2100,Ubuntu 24.04.3 LTS,Linux,NVIDIA H200 SXM5 141 GB,56,Xeon Platinum 85xx (Emerald Rapids),HPE Cray XD670,HPE Cray XD,Infiniband,Infiniband NDR,North America,49215,180463
162,141.0,63,80,Lem,"PowerEdge XE9640, Intel Xeon Platinum 8462Y+ 32C 2.8GHz, Nvidia H100 94Gb SXM5, Infiniband NDR200",Wroclaw Centre for Networking and Supercomputing,DELL,Poland,2023,Academic,44992,40128.0,12800.0,20368.0,1867776.0,943104.0,,,,,,Cluster,Xeon Platinum 8462Y+ 32C 2.8GHz,Intel Sapphire Rapids,2800,AlmaLinux 9.3,Linux,Nvidia H100 SXM5 94Gb,32,Xeon Platinum (Sapphire Rapids),PowerEdge XE9640,Dell PowerEdge Cluster,Infiniband,Infiniband NDR200,Europe,50102,180272
163,142.0,66,142,Trillium,"ThinkSystem SD665 V3, AMD EPYC 9655 96C 2.6GHz, Infiniband NDR, Rocky Linux 9.4","SciNet, University of Toronto, Digital Research Alliance of Canada",Lenovo,Canada,2025,Academic,230400,,12549.0,19169.28,10676784.0,,,,,,,Cluster,AMD EPYC 9655 96C 2.6GHz,AMD Zen-5 (Turin),2600,Rocky Linux 9.4,Linux,None,96,AMD Zen-5 (Turin),ThinkSystem SD665 V3,Lenovo ThinkSystem,Infiniband,Infiniband NDR,North America,51099,180414
164,143.0,64,102,Kuma,"ThinkSystem SR675 V3, AMD EPYC 9334 32C 2.7GHz, NVIDIA H100, ConnectX-7 Infiniband, RHEL 9",Ecole Polytechnique Federale de Lausanne,Lenovo,Switzerland,2024,Academic,49728,44352.0,12310.0,21661.18,1943040.0,936192.0,118.881,291.92,Submitted,42.16908742,,Cluster,AMD EPYC 9334 32C 2.7GHz,AMD Zen-4 (Genoa),2700,RHEL 9,Linux,NVIDIA H100,32,AMD Zen-4 (Genoa),Lenovo ThinkSystem SR675 V3,Lenovo ThinkSystem,Infiniband,ConnectX-7 Infiniband,Europe,47783,180344
175,155.0,65,133,Torch,"HPE Cray XD670, Xeon Platinum 8592+ 64C 1.9GHz, NVIDIA H200 SXM5 141 GB, Infiniband NDR400, RHEL 9.4",New York University,HPE,United States,2025,Academic,33152,29568.0,10790.0,12253.2,2043904.0,,,210.53,Submitted,51.2516031,,Cluster,Xeon Platinum 8592+ 64C 1.9GHz,Intel Emerald Rapids,1900,RHEL 9.4,Linux,NVIDIA H200 SXM5 141 GB,64,Xeon Platinum 85xx,HPE Cray XD670,HPE Cray XD,Infiniband,Infiniband NDR400,North America,49783,180363
182,162.0,66,162,PERUN,"HPE ProLiant Compute XD685, AMD EPYC 9535 64C 2.4GHz, NVIDIA H200 SXM5 141 GB, Infiniband NDR400, Rocky Linux 9.5",Technical University of Kosice,HPE,Slovakia,2025,Academic,30784,27456.0,10210.0,11431.22,1841152.0,,,199.85,Submitted,51.08831624,,Cluster,AMD EPYC 9535 64C 2.4GHz,AMD Zen-5 (Turin),2400,Rocky Linux 9.5,Linux,NVIDIA H200 SXM5 141 GB,64,AMD Zen-5 (Turin),HPE ProLiant Compute XD685,HPE Proliant,Infiniband,Infiniband NDR400,Europe,51101,180405
191,170.0,60,68,Dardel GPU,"HPE Cray EX235a, AMD Optimized 3rd Generation EPYC 64C 2GHz, AMD Instinct MI250X, Slingshot-11, HPE Cray OS",KTH - Royal Institute of Technology,HPE,Sweden,2022,Academic,56640,52800.0,9895.0,10936.32,1966080.0,,94.068,167.71,Submitted,59.00065589,,MPP,AMD Optimized 3rd Generation EPYC 64C 2GHz,AMD Zen-3 (Milan),2000,HPE Cray OS,Linux,AMD Instinct MI250X,64,AMD Zen-3 (Milan),HPE Cray EX235a,HPE Cray EX,Gigabit Ethernet,Slingshot-11,Europe,48188,180126
192,171.0,64,122,ROMEO-2025,"BullSequana XH3000, Grace Hopper Superchip 72C 3GHz, NVIDIA GH200 Superchip, Quad-Rail NVIDIA InfiniBand NDR200, Red Hat Enterprise Linux",ROMEO HPC Center - Champagne-Ardenne,Bull,France,2024,Academic,47328,30624.0,9863.0,16322.59,2240512.0,,130.455,160.16,Submitted,61.58216783,,Cluster,GH Superchip 72C 3GHz,NVIDIA Grace CPU,3000,Red Hat Enterprise Linux,Linux,NVIDIA GH200 Superchip,72,NVIDIA Grace,BullSequana XH3000,EVIDEN BullSequana,Infiniband,Quad-Rail NVIDIA InfiniBand NDR200,Europe,50497,180311
193,,67,193,Roihu-C,"BullSequana XH3000, AMD EPYC 9965 192C 2.25GHz, Infiniband NDR200, Redhat Enterprise Linux",CSC (Center for Scientific Computing),Bull,Finland,2026,Academic,186624,,9693.1,12856.32,5937120.0,,,705.45,Submitted,13.74030761,,Cluster,AMD EPYC 9965 192C 2.25GHz,AMD Zen-5 (Turin),2250,RHEL,Linux,None,192,AMD Zen-5 (Turin),BullSequana XH3000,EVIDEN BullSequana,Infiniband,Infiniband NDR200,Europe,47508,180489
197,175.0,66,175,Trillium-GPU,"ThinkSystem SD665-N V3, AMD EPYC 9654 96C 2.4GHz, NVIDIA H100 SXM5 80GB, Infiniband NDR, Rocky Linux 9.4","SciNet, University of Toronto, Digital Research Alliance of Canada",Lenovo,Canada,2025,Academic,37440,31680.0,9494.0,16522.37,1541120.0,,,,,,,Cluster,AMD EPYC 9654 96C 2.4GHz,AMD Zen-4 (Genoa),2400,Rocky Linux 9.4,Linux,NVIDIA H100 SXM5 80GB,96,AMD Zen-4 (Genoa),ThinkSystem SD665-N V3,Lenovo ThinkSystem,Infiniband,Infiniband NDR,North America,51099,180415
201,179.0,55,24,Gadi,"PRIMERGY CX2570 M5, ThinkSystem SD650, Xeon Platinum 8274/8268, NVIDIA Tesla V100 SXM2, Mellanox HDR Infiniband",National Computational Infrastructure (NCI Australia),Fujitsu / Lenovo,Australia,2020,Academic,204032,51200.0,9264.31,15142.1952,7150464.0,,,,,,,Cluster,Xeon Platinum 8274 24C 3.2GHz,Intel Cascade lake,3200,CentOS,Linux,NVIDIA Tesla V100 SXM2,24,Xeon Platinum 82xx (Cascade Lake),PRIMERGY CX2570 M5,Fujitsu PRIMERGY,Infiniband,Mellanox HDR Infiniband,Oceania,47369,179865
203,181.0,61,70,Goethe-NHR,"Supermicro AS-4124GS-TNR, AMD EPYC 7452 32C 2.35GHz, AMD Instinct MI210 64 GB, Mellanox InfiniBand EDR",Universitaet Frankfurt,MEGWARE / Supermicro,Germany,2023,Academic,96768,89856.0,9087.0,19344.19,2620800.0,1497600.0,,195.24,Submitted,46.54271666,,Cluster,AMD EPYC 7452 32C 2.35GHz,AMD Zen-2 (Rome),2350,Linux,Linux,AMD Instinct MI210 64 GB,32,AMD Zen-2 (Rome),Supermicro AS-4124GS-TNR,Supermicro SuperServer,Infiniband,Mellanox InfiniBand EDR,Europe,49083,180175
207,185.0,66,185,Tillicum,"PowerEdge XE9680, Xeon Platinum 8462Y+ 32C 2.8GHz, NVIDIA H200 SXM5 141 GB, Infiniband NDR, Rocky Linux 9.6",University of Washington,DELL,United States,2025,Academic,26880,25344.0,8848.0,12872.6,1945600.0,660000.0,,144.0,Submitted,61.44444444,,Cluster,Xeon Platinum 8462Y+ 32C 2.8GHz,Intel Sapphire Rapids,2800,Rocky Linux 9.6,Linux,NVIDIA H200 SXM5 141 GB,32,Xeon Platinum (Sapphire Rapids),Dell PowerEdge XE9680,Dell PowerEdge Cluster,Infiniband,Infiniband NDR,North America,49220,180416
208,,67,208,Nanyang Titan,"PowerEdge XE9680L, Xeon Platinum 8570 56C 2.1GHz, NVIDIA H200 SXM5 141 GB, Infiniband NDR, Rocky Linux 9.7",Nanyang Technological University,DELL,Singapore,2026,Academic,29200,26400.0,8797.0,13435.28,1835008.0,,109.585,,,,,Cluster,Xeon Platinum 8570 56C 2.1GHz,Intel Emerald Rapids,2100,Rocky Linux 9.7,Linux,NVIDIA H200 SXM5 141 GB,56,Xeon Platinum 85xx (Emerald Rapids),PowerEdge XE9680L,Dell PowerEdge Cluster,Infiniband,Infiniband NDR,Asia,48455,180465
209,186.0,66,186,Nibi - CPU,"TRIDENT iC610DR-G7, Intel Xeon 6972P 96C 2.4GHz, 400g Ethernet, Rocky Linux 8",SharcNet,HYPERTEC,Canada,2025,Academic,134400,,8624.8,10321.92,299520.0,,,,,,,Cluster,Intel Xeon 6972P 96C 2.4GHz,Intel Granite Rapids,2400,Rocky Linux 8,Linux,None,96,Intel Granite Rapids,TRIDENT iC610DR-G7,HYPERTEC Cluster,Gigabit Ethernet,400g Ethernet,North America,49854,180439
212,189.0,66,189,,"NVIDIA DGX B200, Xeon Platinum 8570 56C 2.1GHz, NVIDIA DGX B200, Infiniband NDR400, Red Hat Enterprise Linux",BETTY-HOLBERTON,Nvidia,United States,2025,Academic,40176,36704.0,8490.0,9458.92,2292736.0,,,,,,,Cluster,Xeon Platinum 8570 56C 2.1GHz,Intel Emerald Rapids,2100,Red Hat Enterprise Linux,Linux,NVIDIA DGX B200,56,Xeon Platinum 85xx (Emerald Rapids),NVIDIA DGX B200,NVIDIA DGX,Infiniband,Infiniband NDR400,North America,51074,180445
214,191.0,65,164,Otus (CPU only),"ThinkSystem SD665-N V3, AMD EPYC 9655 96C 2.6GHz, Infiniband NDR, Rocky Linux 9.4",Universitaet Paderborn - PC2,Lenovo,Germany,2025,Academic,137472,,8424.2,11437.6699,789504.0,,,,,,,Cluster,AMD EPYC 9655 96C 2.6GHz,AMD Zen-5 (Turin),2600,Rocky Linux 9.4,Linux,None,96,AMD Zen-5 (Turin),ThinkSystem SD665-N V3,Lenovo ThinkSystem,Infiniband,Infiniband NDR,Europe,49104,180400
217,194.0,54,24,AiMOS,"IBM Power System AC922, IBM POWER9 20C 3.45GHz, NVIDIA Volta GV100, Dual-rail Mellanox EDR Infiniband",Rensselaer Polytechnic Institute Center for Computational Innovations (CCI),IBM,United States,2019,Academic,130000,120000.0,8339.0,11032.032,3809280.0,,,512.08,Submitted,16.28456491,,Cluster,IBM POWER9 20C 3.45GHz,Power,3450,RHEL 7.6,Linux,NVIDIA Volta GV100,20,IBM POWER9,IBM Power System AC922, IBM Power Systems,Infiniband,Dual-rail Mellanox EDR Infiniband,North America,50823,179781
222,,67,222,sofia,"HGX H200, AMD EPYC 9654 96C 2.4GHz, NVIDIA H200 SXM5 141 GB, Infiniband NDR400, Rocky Linux",Vrije Universiteit Brussel,NEC,Belgium,2025,Academic,27456,23232.0,8191.0,12168.1,1599488.0,1269760.0,122.0,164.66,Submitted,49.74492894,,Cluster,AMD EPYC 9654 96C 2.4GHz,AMD Zen-4 (Genoa),2400,Rocky Linux,Linux,NVIDIA H200 SXM5 141 GB,96,AMD Zen-4 (Genoa),HGX H200,Asus Cluster,Infiniband,Infiniband NDR400,Europe,51120,180476
225,201.0,57,52,HoreKa-Green,"ThinkSystem SD650 V2, Xeon Platinum 8368 38C 2.4GHz, NVIDIA A100 40GB, Mellanox HDR Infiniband",Karlsruher Institut für Technologie (KIT),Lenovo,Germany,2021,Academic,90932,77328.0,8025.6,15006.79,1915200.0,,,358.79,Submitted,22.3685164,,Cluster,Xeon Platinum 8368 38C 2.4GHz,Intel Ice Lake,2400,Linux,Linux,NVIDIA Tesla A100 40G,38,Xeon Platinum 83xx (Ice Lake),ThinkSystem SD650 V2,Lenovo ThinkSystem,Infiniband,Mellanox HDR Infiniband,Europe,50444,179965
227,203.0,65,173,Nibi - GPU,"TRIDENT iC610DR-G7, Intel Xeon 6972P 96C 2.4GHz, 400g Ethernet, Rocky Linux 8",SharcNet,HYPERTEC,Canada,2025,Academic,6144,,7985.0,15360.0,1527808.0,,,,,,,Cluster,Intel Xeon 6972P 96C 2.4GHz,Intel Granite Rapids,2400,Rocky Linux 8,Linux,None,96,Intel Granite Rapids,TRIDENT iC610DR-G7,HYPERTEC Cluster,Gigabit Ethernet,400g Ethernet,North America,49854,180370
229,205.0,64,147,Minerva,"ThinkSystem SD650 V3, Intel Xeon Platinum 9242 48C 2.3GHz, NVIDIA H100 SXM5 80GB, Infiniband NDR400, Linux",Icahn School of Medicine at Mount Sinai,Lenovo,United States,2024,Academic,28080,23760.0,7909.0,9989.17,1252352.0,,95.1887,170.91,Submitted,46.27581768,,Cluster,Intel Xeon Platinum 9242 48C 2.3GHz,Intel Cascade lake,2300,Linux,Linux,NVIDIA H100 SXM5 80GB,48,Xeon Platinum 92xx (Cascade Lake),ThinkSystem SD650 V3,Lenovo ThinkSystem,Infiniband,Infiniband NDR400,North America,51050,180317
230,206.0,62,100,Leonardo-CPU,"EVIDEN BullSequana XH2000, Xeon Platinum 8480L 56C 2GHz, InfiniBand HDR 100",EuroHPC/CINECA,Bull,Italy,2023,Academic,172032,,7841.57,9433.09,8754048.0,,95.8655,1118.37,Submitted,7.011606177,,Cluster,Xeon Platinum 8480L 56C 2GHz,Intel Sapphire Rapids,2000,Red Hat Enterprise Linux,Linux,None,56,Xeon Platinum (Sapphire Rapids),EVIDEN BullSequana XH2000,EVIDEN BullSequana,Infiniband,InfiniBand HDR100,Europe,50944,180204
238,213.0,63,128,Isambard-AI phase 1,"HPE Cray EX254n, NVIDIA Grace 72C 3.1GHz, NVIDIA GH200 Superchip, Slingshot-11",University of Bristol,HPE,United Kingdom,2024,Academic,34272,22176.0,7417.0,9285.9,1859584.0,,,117.08,Submitted,63.34984626,,MPP,NVIDIA Grace 72C 3.1GHz,NVIDIA Grace CPU,3100,Linux,Linux,NVIDIA GH200 Superchip,72,NVIDIA Grace,HPE Cray EX254n,HPE Cray EX,Gigabit Ethernet,Slingshot-11,Europe,49136,180257
240,215.0,64,157,Gautschi AI,"PowerEdge XE 9680, Xeon Platinum 8480C 56C 3.8GHz, NVIDIA H100 SXM5 80GB, Infiniband NDR, Rocky Linux 9",Purdue University,DELL,United States,2024,Academic,23360,21120.0,7261.0,10856.19,1157120.0,,,168.0,Submitted,43.2202381,,Cluster,Xeon Platinum 8480C 56C 3.8GHz,Intel Sapphire Rapids,3800,Rocky Linux 9,Linux,NVIDIA H100 SXM5 80GB,56,Xeon Platinum (Sapphire Rapids),PowerEdge XE 9680,Dell PowerEdge Cluster,Infiniband,Infiniband NDR,North America,48657,180326
247,221.0,65,192,Rorqual (GPU),"PowerEdge XE8640, Xeon Gold 6448Y 32C 2.1GHz, NVIDIA H100 SXM5 80GB, Infiniband HDR200, AlmaLinux 9.5",Calcul Québec/Compute Canada,DELL,Canada,2025,Academic,47952,42768.0,6972.0,19788.36,1757184.0,,129.768,228.42,Submitted,30.5227213,,Cluster,Xeon Gold 6448Y 32C 2.1GHz,Intel Sapphire Rapids,2100,AlmaLinux 9.5,Linux,NVIDIA H100 SXM5 80GB,32,Xeon Gold (Sapphire Rapids),PowerEdge XE8640,Dell PowerEdge Cluster,Infiniband,Infiniband HDR200,North America,50800,180356
249,224.0,58,71,"Karolina, GPU partition","Apollo 6500, AMD EPYC 7763 64C 2.45GHz, NVIDIA A100 SXM4 40 GB, Infiniband HDR200","IT4Innovations National Supercomputing Center, VSB-Technical University of Ostrava",HPE,Czechia,2021,Academic,71424,62208.0,6752.0,9080.18,1710720.0,,185.844,310.99,Submitted,21.71130905,,Cluster,AMD EPYC 7763 64C 2.45GHz,AMD Zen-3 (Milan),2450,CentOS,Linux,NVIDIA A100 SXM4 40 GB,64,AMD Zen-3 (Milan),Apollo 6500,HPE Apollo,Infiniband,Infiniband HDR200,Europe,50561,180026
251,226.0,62,113,Camphor 3,"DELL PowerEdge C6620, Xeon CPU Max 9480 56C 1.9GHz, Infiniband NDR","Academic Center for Computing and Media Studies (ACCMS),  Kyoto University",NEC / DELL,Japan,2023,Academic,125440,,6708.13,7626.75,3841920.0,,162.502,1026.64,Submitted,6.534062573,,Cluster,Xeon CPU Max 9480 56C 1.9GHz,Intel Sapphire Rapids,1900,Red Hat Enterprise Linux,Linux,None,56,Intel Xeon Max,DELL PowerEdge C6620,Dell PowerEdge Cluster,Infiniband,Infiniband NDR,Asia,50516,180226
257,233.0,49,13,MareNostrum,"Lenovo SD530, Xeon Platinum 8160 24C 2.1GHz, Intel Omni-Path",Barcelona Supercomputing Center,Lenovo,Spain,2017,Academic,153216,,6470.8,10296.115,5990400.0,,122.242,1632.0,Submitted,3.96495098,,Cluster,Xeon Platinum 8160  24C 2.1GHz,Intel Skylake,2100,SUSE Linux,Linux,None,24,Xeon Platinum (Skylake),ThinkSystem SD530,Lenovo ThinkSystem,Omnipath,Intel Omni-Path,Europe,49748,179067
259,235.0,65,205,Berzelius3,"NVIDIA DGX H200, Xeon Platinum 8480C 56C 2GHz, NVIDIA H200 SXM5 141 GB, Octo-rail NVIDIA HDR100 Infiniband, Ubuntu 22.04",National Supercomputer Centre (NSC),Bull,Sweden,2025,Academic,18688,16896.0,6423.0,8678.91,1474560.0,,85.3358,126.16,Submitted,50.9115409,,Cluster,Xeon Platinum 8480C 56C 2GHz,Intel Sapphire Rapids,2000,Ubuntu 22.04,Linux,NVIDIA H200 SXM5 141 GB,56,Xeon Platinum (Sapphire Rapids),NVIDIA DGX H200,NVIDIA DGX,Infiniband,Octo-rail NVIDIA HDR100 Infiniband,Europe,48488,180375
262,238.0,64,178,Genkai Node Group A,"PRIMERGY CX2550M7, Xeon Platinum 8490H 60C 1.9GHz, Infiniband NDR200, Rocky Linux","Research Institute for Information Technology, Kyushu University",Fujitsu,Japan,2024,Academic,122880,,6219.9,7471.1,7358000.0,,,967.43,Submitted,6.429302378,,Cluster,Xeon Platinum 8490H 60C 1.9GHz,Intel Sapphire Rapids,1900,Rocky Linux,Linux,None,60,Xeon Platinum (Sapphire Rapids),PRIMERGY CX2550M7,Fujitsu PRIMERGY,Infiniband,Infiniband NDR200,Asia,50421,180332
267,243.0,57,67,SQUID - CPU Nodes,"NEC LX 103Bj-8, Xeon Platinum 8368 38C 2.4GHz, Infiniband HDR200",Osaka University,NEC,Japan,2021,Academic,115520,,6105.1,8871.94,6558880.0,,82.8749,1222.2,Submitted,4.99517264,,Cluster,Xeon Platinum 8368 38C 2.4GHz,Intel Ice Lake,2400,CentOS,Linux,None,38,Xeon Platinum 83xx (Ice Lake),NEC LX 103Bj-8,NEC Cluster,Infiniband,Infiniband HDR200,Asia,48585,179934
268,245.0,54,40,Lise,"Bull intel Cluster, Intel Xeon Platinum 9242 48C 2.3GHz, Intel Omni-Path",HLRN at ZIB/Konrad Zuse-Zentrum Berlin,Bull,Germany,2019,Academic,121920,,6048.26,8930.92,6935040.0,,,,,,,Cluster,Intel Xeon Platinum 9242 48C 2.3GHz,Intel Cascade lake,2300,CentOS,Linux,None,48,Xeon Platinum 92xx (Cascade Lake),Bull intel Cluster,Bull Cluster,Omnipath,Intel Omni-Path,Europe,49361,179702
271,,67,271,Helma CPU,"MEGWARE EUREKA, AMD EPYC 9965 192C 2.25GHz, Infiniband NDR200, AlmaLinux 9.5",Universitaet Erlangen - Regionales Rechenzentrum Erlangen,MEGWARE,Germany,2026,Academic,119808,,6030.9,8294.4,4924800.0,,,,,,,Cluster,AMD EPYC 9965 192C 2.25GHz,AMD Zen-5 (Turin),2250,AlmaLinux 9.5,Linux,None,192,AMD Zen-5 (Turin),MEGWARE EUREKA,MEGWARE Cluster,Infiniband,Infiniband NDR200,Europe,49515,180477
272,248.0,63,154,Kraken-Fregata,"HPE Cray XD665, AMD EPYC 9334 32C 2.7GHz, Nvidia H100 94Gb SXM5, Infiniband NDR200","Gdansk University of Technology, CI Task","HPE, GALAXY",Poland,2024,Academic,21904,19536.0,5985.0,10018.3,1241088.0,621568.0,,,,,,Cluster,AMD EPYC 9334 32C 2.7GHz,AMD Zen-4 (Genoa),2700,Rocky Linux,Linux,Nvidia H100 SXM5 94Gb,32,AMD Zen-4 (Genoa),HPE Cray XD665,HPE Cray XD,Infiniband,Infiniband NDR200,Europe,49152,180267
273,250.0,56,47,Emmy+,"BullSequana X, Intel Xeon Platinum 9242/Gold 6148, Intel Omni-Path",HLRN+ at GWDG/University of Göttingen,Bull,Germany,2020,Academic,120296,,5948.8,8911.2576,7253376.0,,,,,,513792.0,Cluster,Intel Xeon Platinum 9242 48C 2.3GHz,Intel Cascade lake,2300,Linux,Linux,None,48,Xeon Platinum 92xx (Cascade Lake),BullSequana X,BullSequana,Omnipath,Intel Omni-Path,Europe,50848,179883
275,252.0,58,83,Narval (GPU),"PowerEdge XE8545, AMD EPYC 7413 24C 2.65GHz, NVIDIA A100, InfiniBand HDR100",Calcul Québec/Compute Canada,DELL,Canada,2021,Academic,76320,68688.0,5886.0,12165.35,1769472.0,,134.393,311.14,Submitted,18.91752909,,Cluster,AMD EPYC 7413 24C 2.65GHz,AMD Zen-3 (Milan),2650,Rocky Linux 8.4,Linux,NVIDIA A100,24,AMD Zen-3 (Milan),PowerEdge XE8545,Dell PowerEdge Cluster,Infiniband,InfiniBand HDR100,North America,50800,180032
278,,67,278,Sirius,"NEC LX 401Bax-3GA, AMD 4th Gen EPYC 24C 1.8GHz, AMD Instinct MI300A, Infiniband NDR, Red Hat Enterprise Linux","Center for Computational Sciences, University of Tsukuba",NEC,Japan,2026,Academic,24192,21888.0,5630.0,5951.16,1183968.0,,,113.59,Submitted,49.5642222,,Cluster,AMD 4th Gen EPYC 24C 1.8GHz,AMD Zen-4 (Genoa),1800,Red Hat Enterprise Linux,Linux,AMD Instinct MI300A,24,AMD Zen-4 (Genoa),NEC LX 401Bax-3GA,NEC Cluster,Infiniband,Infiniband NDR,Asia,47529,180478
280,255.0,62,361,UltraViolet,"NVIDIA DGX H100, Xeon Platinum 8480C 56C 3.8GHz, NVIDIA H100 80GB, Mellanox HDR Infiniband, Ubuntu 22.04",NYU Langone Health,DELL,United States,2024,Academic,18688,16896.0,5558.0,8744.86,1123328.0,794048.0,,,,,,Cluster,Xeon Platinum 8480C 56C 3.8GHz,Intel Sapphire Rapids,3800,Ubuntu 22.04,Linux,NVIDIA H100 80GB,56,Xeon Platinum (Sapphire Rapids),NVIDIA DGX H100,NVIDIA DGX,Infiniband,Mellanox HDR Infiniband,North America,50964,180229
281,256.0,60,470,Grete,"MEGWARE GPU Server System, AMD EPYC 7513 32C 2.6GHz, NVIDIA A100 SXM4 40 GB, Infiniband HDR",NHR@Göttingen,MEGWARE,Germany,2022,Academic,49600,43200.0,5458.0,7904.92,1392384.0,,76.2325,205.62,Submitted,26.5441105,,Cluster,AMD EPYC 7513 32C 2.6GHz,AMD Zen-3 (Milan),2600,Rocky Linux 8.6,Linux,NVIDIA A100 SXM4 80 GB,32,AMD Zen-3 (Milan),MEGWARE GPU Server System,MEGWARE Cluster,Infiniband,Infiniband HDR,Europe,50947,180092
290,265.0,55,47,MAHTI,"Bull Sequana XH2000 , AMD Rome 7H12 64C 2.6GHz, Mellanox HDR100",CSC (Center for Scientific Computing),Bull,Finland,2020,Academic,169728,,5388.52,7060.6848,6362304.0,,,1070.0,Submitted,5.036,,Cluster,AMD Rome 7H12 64C 2.6GHz,AMD Zen-2 (Rome),2600,bullx SCS,Linux,None,64,AMD Zen-2 (Rome),BullSequana XH2000,BullSequana,Infiniband,InfiniBand HDR100,Europe,47508,179855
294,269.0,57,82,Berzelius,"NVIDIA DGX A100, AMD EPYC 7742 64C 2.25GHz, NVIDIA A100, Infiniband HDR",National Supercomputer Centre (NSC),Bull,Sweden,2021,Academic,59520,51840.0,5253.0,9636.48,1536000.0,,,,,,,Cluster,AMD EPYC 7742 64C 2.25GHz,AMD Zen-2 (Rome),2250,Ubuntu 20.04.2 LTS,Linux,NVIDIA A100,64,AMD Zen-2 (Rome),NVIDIA DGX A100,NVIDIA DGX,Infiniband,Infiniband HDR,Europe,48488,179953
295,270.0,63,229,CLAIX-2023 (GPU segment),"NEC HPC12G4Rk-3 DLC, Xeon Platinum 8468 48C 2.1GHz, NVIDIA H100, Infiniband NDR, Rocky Linux 8",Universitaet Aachen/RWTH - IT Center,NEC,Germany,2024,Academic,28704,24288.0,5238.0,9634.78,1262592.0,,,154.95,Submitted,33.80445305,,Cluster,Xeon Platinum 8468 48C 2.1GHz,Intel Sapphire Rapids,2100,Rocky Linux 8,Linux,NVIDIA H100,48,Xeon Platinum (Sapphire Rapids),NEC HPC12G4Rk-3 DLC,NEC Cluster,Infiniband,Infiniband NDR,Europe,50675,180295
296,271.0,58,95,"DiRAC, Tursa","BullSequana XH2000, AMD EPYC 7302 32C 3GHz, NVIDIA A100 40GB, Mellanox HDR Infiniband",University of Edinburgh,Bull,United Kingdom,2021,Academic,55552,48384.0,5228.0,8580.0,1457280.0,,,243.95,Submitted,21.43062103,,Cluster,AMD EPYC 7302 32C 3GHz,AMD Zen-2 (Rome),3000,Linux,Linux,NVIDIA Tesla A100 40G,32,AMD Zen-2 (Rome),BullSequana XH2000,BullSequana,Infiniband,Mellanox HDR Infiniband,Europe,49151,180018
297,272.0,66,272,SDSC Cosmos,"HPE Cray EX255a, AMD 4th Gen EPYC 24C 1.8GHz, AMD Instinct MI300A, Slingshot-11, SLES15",UCSD/San Diego Supercomputer Center,HPE,United States,2025,Academic,42336,38304.0,5181.0,10414.52,1585152.0,,,99.0,Submitted,52.33333333,,MPP,AMD 4th Gen EPYC 24C 1.8GHz,AMD Zen-4 (Genoa),1800,SLES15,Linux,AMD Instinct MI300A,24,AMD Zen-4 (Genoa),HPE Cray EX255a,HPE Cray EX,Gigabit Ethernet,Slingshot-11,North America,49020,180423
299,273.0,53,51,TX-GAIA (Green AI Accelerator),"Apollo 2000, Xeon Gold 6248 20C 2.5GHz, NVIDIA Tesla V100, Intel Omni-Path",MIT Lincoln Laboratory Supercomputing Center,HPE,United States,2019,Academic,88400,70720.0,5161.0,6981.4784,4455360.0,,,1436.0,Submitted,3.594011142,,Cluster,Xeon Gold 6248 20C 2.5GHz,Intel Cascade lake,2500,CentOS Linux 7,Linux,NVIDIA Tesla V100,20,Xeon Gold 62xx (Cascade Lake),Apollo 2000,HPE Apollo,Omnipath,Intel Omni-Path,North America,48296,179603
300,274.0,65,242,Rorqual (CPU),"PowerEdge R6525, AMD EPYC 9654 96C 2.4GHz, Infiniband HDR200, AlmaLinux 9.5",Calcul Québec/Compute Canada,DELL,Canada,2025,Academic,131712,,5142.7,5849.0,7339008.0,,,,,,,Cluster,AMD EPYC 9654 96C 2.4GHz,AMD Zen-4 (Genoa),2400,AlmaLinux 9.5,Linux,None,96,AMD Zen-4 (Genoa),PowerEdge R6525,Dell PowerEdge Cluster,Infiniband,Infiniband HDR200,North America,50800,180367
302,,67,302,Tigris,"ARS-111GL-DNHR-LCC, GH Superchip 72C 3GHz, Infiniband NDR400, Red Hat Enterprise Linux",Rochester Institute of Technology,Supermicro,United States,2026,Academic,31296,16896.0,5079.0,9267.2,2641920.0,,59.725,132.87,Submitted,38.22533303,,Cluster,GH Superchip 72C 3GHz,NVIDIA Grace CPU,3000,Red Hat Enterprise Linux,Linux,NVIDIA GH200 Superchip,72,NVIDIA Grace,ARS-111GL-DNHR-LCC,Supermicro Cluster,Infiniband,Infiniband NDR400,North America,51130,180483
304,277.0,58,287,Dardel CPU,"HPE Cray EX, AMD EPYC 7742 64C 2.25GHz, Slingshot-11",KTH - Royal Institute of Technology,HPE,Sweden,2021,Academic,156672,,5055.33,5640.19,5640192.0,,,,,,,MPP,AMD EPYC 7742 64C 2.25GHz,AMD Zen-2 (Rome),2250,HPE Cray OS,Linux,None,64,AMD Zen-2 (Rome),HPE Cray EX,HPE Cray EX,Gigabit Ethernet,Slingshot-11,Europe,48188,180013
305,278.0,59,105,Athena,"FormatServer THOR ERG21, AMD EPYC 7742 64C 2.25GHz, NVIDIA A100 SXM4 40 GB, Infiniband HDR",Cyfronet,Format,Poland,2021,Academic,47616,41472.0,5051.0,7709.18,1391616.0,,89.8331,,,,,Cluster,AMD EPYC 7742 64C 2.25GHz,AMD Zen-2 (Rome),2250,CentOS,Linux,NVIDIA A100 SXM4 40 GB,64,AMD Zen-2 (Rome),FormatServer THOR ERG21,FormatServer,Infiniband,Infiniband HDR,Europe,47634,180055
306,279.0,64,211,Cardinal GPU Partition,"PowerEdge XE9640, Xeon Platinum 8470 52C 2GHz, Nvidia H100 SXM5 94Gb, ConnectX-7 Single Port NDR, RHEL 9.2",Ohio Supercomputer Center,DELL,United States,2024,Academic,18960,15840.0,5038.0,7579.39,1105920.0,,,82.6,Submitted,60.99273608,,Cluster,Xeon Platinum 8470 52C 2GHz,Intel Sapphire Rapids,2000,RHEL 9.2,Linux,Nvidia H100 SXM5 94Gb,52,Xeon Platinum (Sapphire Rapids),PowerEdge XE9640,Dell PowerEdge Cluster,Infiniband,ConnectX-7 Single Port NDR,North America,48558,180336
311,285.0,55,55,Betzy,"Bull Sequana XH2000 , AMD EPYC 7742 64C 2.25GHz, Mellanox HDR Infiniband",UNINETT Sigma2 AS,Bull,Norway,2020,Academic,172032,,4724.79,6193.15,5054016.0,,,,,,,Cluster,AMD EPYC 7742 64C 2.25GHz,AMD Zen-2 (Rome),2250,RHEL 7.7,Linux,None,64,AMD Zen-2 (Rome),BullSequana XH2000,BullSequana,Infiniband,Mellanox HDR Infiniband,Europe,50713,179861
312,286.0,65,255,Otus (GPU only),"ThinkSystem SD665-N V3, AMD EPYC 9655 96C 2.6GHz, NVIDIA H100 SXM5 80GB, Infiniband NDR, Rocky Linux 9.4",Universitaet Paderborn - PC2,Lenovo,Germany,2025,Academic,19440,14256.0,4659.0,7451.65,1113088.0,,,,,,,Cluster,AMD EPYC 9655 96C 2.6GHz,AMD Zen-5 (Turin),2600,Rocky Linux 9.4,Linux,NVIDIA H100 SXM5 80GB,96,AMD Zen-5 (Turin),ThinkSystem SD665-N V3,Lenovo ThinkSystem,Infiniband,Infiniband NDR,Europe,49104,180359
316,289.0,57,91,Discoverer,"BullSequana XH2000, AMD EPYC 7H12 64C 2.6GHz, Infiniband HDR",Consortium Petascale Supercomputer Bulgaria,Bull,Bulgaria,2021,Academic,144384,,4518.87,5942.0,5824896.0,,54.2586,,,,,Cluster,AMD EPYC 7H12 64C 2.6GHz,AMD Zen-2 (Rome),2600,Linux,Linux,None,64,AMD Zen-2 (Rome),BullSequana XH2000,BullSequana,Infiniband,Infiniband HDR,Europe,50867,179948
317,290.0,53,42,Jean Zay,"HPE SGI 8600, Xeon Gold 6248 20C 2.5GHz, NVIDIA Tesla V100 SXM2, Intel Omni-Path",CNRS/IDRIS-GENCI,HPE,France,2019,Academic,93960,83520.0,4478.0,7345.562,1999871.0,,120.271,,,,,Cluster,Xeon Gold 6248 20C 2.5GHz,Intel Cascade lake,2500,RHEL 6.8,Linux,NVIDIA Tesla V100 SXM2,20,Xeon Gold 62xx (Cascade Lake),HPE SGI 8600,HPE SGI 8600,Omnipath,Intel Omni-Path,Europe,50403,179692
321,292.0,57,93,Wisteria/BDEC-01 (Aquarius),"PRIMERGY GX2570 M6, Xeon Platinum 8360Y 36C 2.4GHz, NVIDIA A100 SXM4 40 GB, Infiniband HDR","Information Technology Center, The University of Tokyo",Fujitsu,Japan,2021,Academic,42120,38880.0,4425.0,7268.83,1347016.0,,84.7132,183.93,Submitted,24.05806557,,Cluster,Xeon Platinum 8360Y 36C 2.4GHz,Intel Ice Lake,2400,Linux,Linux,NVIDIA A100 SXM4 40 GB,36,Xeon Platinum 83xx (Ice Lake),PRIMERGY GX2570 M6,Fujitsu PRIMERGY,Infiniband,Infiniband HDR,Asia,50096,179963
323,294.0,65,264,Grand Chariot 2,"PRIMERGY GX2560 M7, Xeon Gold 6548Y+ 32C 2.5GHz, NVIDIA H100, Infiniband NDR, Rocky Linux 9.4","Information Initiative Center, Hokkaido University",Fujitsu,Japan,2025,Academic,14208,12672.0,4381.0,6546.05,1022976.0,,,,,,,Cluster,Xeon Gold 6548Y+ 32C 2.5GHz,Intel Emerald Rapids,2500,Rocky Linux 9.4,Linux,NVIDIA H100,32,Xeon Gold 65xx (Emerald Rapids),PRIMERGY GX2560 M7,Fujitsu PRIMERGY,Infiniband,Infiniband NDR,Asia,50367,180385
325,296.0,61,190,Pegasus,"NEC LX 102Bk-6, Xeon Platinum 8468 48C 2.1GHz, NVIDIA H100 PCIe 80GB, Infiniband NDR200, Ubuntu 22.04","Center for Computational Sciences, University of Tsukuba",NEC,Japan,2023,Academic,27000,19800.0,4342.0,8133.84,1209600.0,,,130.41,Submitted,33.29499272,,Cluster,Xeon Platinum 8468 48C 2.1GHz,Intel Sapphire Rapids,2100,Ubuntu 22.04,Linux,NVIDIA H100 PCIe 80GB,48,Xeon Platinum (Sapphire Rapids),NEC LX 102Bk-6,NEC Cluster,Infiniband,Infiniband NDR200,Asia,47529,180170
330,301.0,65,271,Olivia (CPU),"HPE Cray EX, AMD EPYC 9745 128C 2.4GHz, Slingshot-11, HPE Cray OS",Sigma2,HPE,Norway,2025,Academic,64512,,4250.4,4954.52,4495872.0,,,,,,,MPP,AMD EPYC 9745 128C 2.4GHz,AMD Zen-5 (Turin),2400,HPE Cray OS,Linux,None,128,AMD Zen-5 (Turin),HPE Cray EX,HPE Cray EX,Gigabit Ethernet,Slingshot-11,Europe,51077,180372
331,302.0,66,302,Cannon2-H200,"ThinkSystem SD650-N V3, Xeon Platinum 8480L 56C 2GHz, NVIDIA H200 SXM5 141 GB, Infiniband NDR, Linux",Harvard University,Lenovo,United States,2025,Academic,15360,12672.0,4238.0,6595.2,1302528.0,,,91.61,Submitted,46.26132518,,Cluster,Xeon Platinum 8480L 56C 2GHz,Intel Sapphire Rapids,2000,Linux,Linux,NVIDIA H200 SXM5 141 GB,56,Xeon Platinum (Sapphire Rapids),ThinkSystem SD650-N V3,Lenovo ThinkSystem,Infiniband,Infiniband NDR,North America,51021,180425
337,308.0,61,147,Berzelius2,"NVIDIA DGX A100, AMD EPYC 7742 64C 2.25GHz, NVIDIA A100 SXM4 80 GB, Octo-rail NVIDIA HDR-100 Infiniband",National Supercomputer Centre (NSC),Bull,Sweden,2023,Academic,33728,29376.0,4214.0,5139.45,1507328.0,,,,,,,Cluster,AMD EPYC 7742 64C 2.25GHz,AMD Zen-2 (Rome),2250,Red Hat Enterprise Linux,Linux,NVIDIA A100 SXM4 80 GB,64,AMD Zen-2 (Rome),NVIDIA DGX A100,NVIDIA DGX,Infiniband,Octo-rail NVIDIA HDR100 Infiniband,Europe,48488,180132
338,309.0,59,121,Noctua 2,"BullSequana XH2000, AMD EPYC 7763 64C 2.45GHz, InfiniBand HDR100",Universitaet Paderborn - PC2,Bull,Germany,2022,Academic,135168,,4190.9,5298.59,5241600.0,,,868.74,Submitted,4.824113083,,Cluster,AMD EPYC 7763 64C 2.45GHz,AMD Zen-3 (Milan),2450,Linux,Linux,None,64,AMD Zen-3 (Milan),BullSequana XH2000,BullSequana,Infiniband,InfiniBand HDR100,Europe,49104,180071
343,314.0,66,314,Cirrus,"HPE Cray EX, AMD EPYC 9825 144C 2.2GHz, Slingshot-11, RHEL 9.5",University of Edinburgh,HPE,United Kingdom,2025,Academic,70560,,4124.4,4967.42,4356096.0,,,319.0,Submitted,12.92915361,,MPP,AMD EPYC 9825 144C 2.2GHz,AMD Zen-5 (Turin),2200,RHEL 9.5,Linux,None,144,AMD Zen-5 (Turin),HPE Cray EX,HPE Cray EX,Gigabit Ethernet,Slingshot-11,Europe,49151,180401
344,315.0,64,243,Alpha,"ThinkSystem SR680a V3, Intel Xeon Platinum 9242 48C 2.3GHz, NVIDIA H100, Infiniband NDR, Linux",Flatiron Institute - Simons Foundation,Lenovo,United States,2024,Academic,7488,6336.0,4099.0,4987.7,964608.0,,,,,,,Cluster,Intel Xeon Platinum 9242 48C 2.3GHz,Intel Cascade lake,2300,Linux,Linux,NVIDIA H100,48,Xeon Platinum 92xx (Cascade Lake),ThinkSystem SR680a V3,Lenovo ThinkSystem,Infiniband,Infiniband NDR,North America,51060,180346
345,316.0,64,244,Raphael,"ThinkSystem SD665-N V3, AMD EPYC 9454 48C 2.75GHz, NVIDIA H100 80GB, Infiniband HDR, Linux",Flatiron Institute - Simons Foundation,Lenovo,United States,2024,Academic,14976,12672.0,4090.0,5004.29,1024000.0,,,89.71,Submitted,45.59134991,,Cluster,AMD EPYC 9454 48C 2.75GHz,AMD Zen-4 (Genoa),2750,Linux,Linux,NVIDIA H100 80GB,48,AMD Zen-4 (Genoa),ThinkSystem SD665-N V3,Lenovo ThinkSystem,Infiniband,Infiniband HDR,North America,51060,180300
350,322.0,59,184,Alex,"MEGWARE NF5488A5, AMD EPYC 7713 64C 2GHz, NVIDIA A100 SXM4 80 GB, Infiniband HDR",Universitaet Erlangen - Regionales Rechenzentrum Erlangen,MEGWARE,Germany,2021,Academic,37696,32832.0,4030.0,6083.65,1225728.0,,83.462,178.97,Submitted,22.5177404,,Cluster,AMD EPYC 7713 64C 2GHz,AMD Zen-3 (Milan),2000,AlmaLinux 8.5,Linux,NVIDIA A100 SXM4 40 GB,64,AMD Zen-3 (Milan),MEGWARE NF5488A5,MEGWARE Cluster,Infiniband,Infiniband HDR,Europe,49515,180075
351,413.0,62,290,Helios CPU,"HPE Cray EX, AMD EPYC 9654 96C 2.4GHz, Slingshot-11, HPE Cray OS",Cyfronet,HPE,Poland,2023,Academic,98304,,4020.27,4418.15,4308480.0,,42.0308,598.92,Submitted,6.712532559,,MPP,AMD EPYC 9654 96C 2.4GHz,AMD Zen-4 (Genoa),2400,HPE Cray OS,Linux,None,96,AMD Zen-4 (Genoa),HPE Cray EX,HPE Cray EX,Gigabit Ethernet,Slingshot-11,Europe,47634,180205
361,332.0,62,453,Spartan GPU Partitions,"PowerEdge R750XA, Intel Xeon Platinum 8462Y+ 32C 2.8GHz, NVIDIA H100 PCIe 80GB, 100G Ethernet, RHEL 7.4",The University of Melbourne,DELL,Australia,2022,Academic,50752,47520.0,3863.0,4506.88,1802240.0,1007616.0,,,,,,Cluster,Xeon Gold 6326 16C 2.9GHz,Intel Ice Lake,2900,RHEL 7.4,Linux,NVIDIA H100 PCIe 80GB,16,Xeon Gold 63xx (Ice Lake),PowerEdge R750XA,Dell PowerEdge Cluster,Gigabit Ethernet,100G Ethernet,Oceania,50985,180232
365,336.0,60,141,Delta,"Apollo 6500, AMD EPYC 7763 64C 2.45GHz, NVIDIA A100, Slingshot-10",NCSA,HPE,United States,2022,Academic,49600,43200.0,3812.0,8050.88,1448064.0,,,,,,,Cluster,AMD EPYC 7763 64C 2.45GHz,AMD Zen-3 (Milan),2450,RHEL 8.4,Linux,NVIDIA A100,64,AMD Zen-3 (Milan),Apollo 6500,HPE Apollo,Gigabit Ethernet,Slingshot-10,North America,48420,180121
368,340.0,53,62,Orion,"PowerEdge C6420, Xeon Gold 6148 20C 2.4GHz, Infiniband HDR",Mississippi State University,DELL,United States,2019,Academic,70560,,3665.72,5419.008,4298880.0,,,,,,,Cluster,Xeon Gold 6148 20C 2.4GHz,Intel Skylake,2400,Linux,Linux,None,20,Xeon Gold (Skylake),PowerEdge C6420,Dell PowerEdge Cluster,Infiniband,Infiniband HDR,North America,48371,179690
370,342.0,58,132,,"ThinkSystem SD650 V2, Xeon Platinum 8358 32C 2.6GHz, Mellanox HDR Infiniband",Shanghai Jiao Tong University,Lenovo,China,2021,Academic,59392,,3656.78,4941.41,5529600.0,,,,,,,Cluster,Xeon Platinum 8358 32C 2.6GHz,Intel Ice Lake,2600,Linux,Linux,None,32,Xeon Platinum 83xx (Ice Lake),ThinkSystem SD650 V2,Lenovo ThinkSystem,Infiniband,Mellanox HDR Infiniband,Asia,50907,180021
371,343.0,64,274,Grete Phase 3,"MEGWARE GPU Server System, Xeon Platinum 8468 48C 2.1GHz, Nvidia H100 SXM5 94Gb, Infiniband HDR, Rocky Linux 8.10",NHR@Göttingen,MEGWARE,Germany,2024,Academic,15600,13200.0,3647.0,6861.28,1056768.0,,,79.62,Submitted,45.8050741,,Cluster,Xeon Platinum 8468 48C 2.1GHz,Intel Sapphire Rapids,2100,Rocky Linux 8.10,Linux,Nvidia H100 SXM5 94Gb,48,Xeon Platinum (Sapphire Rapids),MEGWARE GPU Server System,MEGWARE Cluster,Infiniband,Infiniband HDR,Europe,50947,180302
378,350.0,59,323,Fritz,"Megware D50TNP, Xeon Platinum 8360Y 36C 2.4GHz, InfiniBand HDR100",Universitaet Erlangen - Regionales Rechenzentrum Erlangen,MEGWARE,Germany,2021,Academic,71424,,3578.03,5452.18,4543488.0,,53.3719,671.97,Submitted,5.324687114,,Cluster,Xeon Platinum 8360Y 36C 2.4GHz,Intel Ice Lake,2400,AlmaLinux 8.5,Linux,None,36,Xeon Platinum 83xx (Ice Lake),Megware D50TNP,MEGWARE Cluster,Infiniband,InfiniBand HDR100,Europe,49515,180074
379,353.0,59,143,Anvil,"PowerEdge 6525, AMD EPYC 7763 64C 2.45GHz, InfiniBand HDR 100",Purdue University,DELL,United States,2022,Academic,127488,,3563.1,4997.53,5492025.0,,,792.0,Submitted,4.498863636,,Cluster,AMD EPYC 7763 64C 2.45GHz,AMD Zen-3 (Milan),2450,Rocky Linux 8.4,Linux,None,64,AMD Zen-3 (Milan),PowerEdge 6525,Dell PowerEdge Cluster,Infiniband,InfiniBand HDR100,North America,48657,180085
384,358.0,56,85,Altair,"CH121L V5 Liquid-Cooled, Xeon Platinum 8268 24C 2.9GHz, Infiniband EDR",PCSS Poznan,Huawei,Poland,2020,Academic,63360,,3533.61,5879.81,5216256.0,,,829.0,Submitted,4.262496984,,Cluster,Xeon Platinum 8268 24C 2.9GHz,Intel Cascade lake,2900,CentOS,Linux,None,24,Xeon Platinum 82xx (Cascade Lake),CH121L V5 Liquid-Cooled,Huawei Cluster,Infiniband,Infiniband EDR,Europe,50183,179903
392,367.0,64,298,SEAS H100,"ThinkSystem SD665-N V3, AMD EPYC 9454 48C 2.75GHz, NVIDIA H100 80GB, Infiniband HDR, Linux",Harvard University,Lenovo,United States,2024,Academic,13104,11088.0,3375.0,4378.75,902144.0,,,80.55,Submitted,41.89944134,,Cluster,AMD EPYC 9454 48C 2.75GHz,AMD Zen-4 (Genoa),2750,Linux,Linux,NVIDIA H100 80GB,48,AMD Zen-4 (Genoa),ThinkSystem SD665-N V3,Lenovo ThinkSystem,Infiniband,Infiniband HDR,North America,51059,180301
393,368.0,55,74,Cedar (GPU),"PowerEdge C6420, Xeon Silver 4216 16C 2.1GHz, NVIDIA Tesla V100, Intel Omni-Path",Simon Fraser University/Compute Canada,DELL,Canada,2020,Academic,67584,61440.0,3371.0,5834.4,1780800.0,,,310.0,Submitted,10.87419355,,Cluster,Xeon Silver 4216 16C 2.1GHz,Intel Skylake,2100,CentOS,Linux,NVIDIA Tesla V100,16,Xeon Silver (Skylake),PowerEdge C6420,Dell PowerEdge Cluster,Omnipath,Intel Omni-Path,North America,50722,179859
398,374.0,66,374,SEIRAN,"NVIDIA DGX B200, Xeon Platinum 8570 56C 2.1GHz, NVIDIA B200 SXM 180GB, Infiniband NDR, Ubuntu 24.04.3 LTS","AI Technology Center, Tokyo University of Technology",Nvidia,Japan,2025,Academic,15552,14208.0,3315.0,3663.92,1490944.0,,98.4203,,,,,Cluster,Xeon Platinum 8570 56C 2.1GHz,Intel Emerald Rapids,2100,Ubuntu 24.04.3 LTS,Linux,NVIDIA B200 SXM 180GB,56,Xeon Platinum 85xx (Emerald Rapids),NVIDIA DGX B200,NVIDIA DGX,Infiniband,Infiniband NDR,Asia,51097,180436
405,380.0,58,214,"Big Red 200, GPU Partition","HPE Cray EX235n, AMD EPYC 7713 64C 2GHz, NVIDIA A100, Slingshot-10",Indiana University,HPE,United States,2021,Academic,31744,27648.0,3194.0,4006.14,1124352.0,,,,,,,MPP,AMD EPYC 7713 64C 2GHz,AMD Zen-3 (Milan),2000,SLES15 SP2,Linux,NVIDIA A100,64,AMD Zen-3 (Milan),HPE Cray EX 235n,HPE Cray EX,Gigabit Ethernet,Slingshot-10,North America,48098,180020
406,381.0,60,178,Dream-AI,"INSPUR NF5688M6, Intel Xeon Gold 6330 28C 2GHz, NVIDIA A100 SXM4 40 GB, Mellanox HDR Infiniband",GIST SCENT,Inspur,South Korea,2022,Academic,36960,34560.0,3179.0,6418.18,1271000.0,,,,,,,Cluster,Xeon Platinum 8358 32C 2.6GHz,Intel Ice Lake,2600,Ubuntu 20.04.1 LTS,Linux,NVIDIA A100 SXM4 40 GB,32,Xeon Platinum 83xx (Ice Lake),INSPUR NF5688M6,Inspur Cluster,Infiniband,Mellanox HDR Infiniband,Asia,50939,180120
407,,67,407,UAlbany AI Supercomputer,"NVIDIA DGX A100, AMD EPYC 7742 64C 2.25GHz, NVIDIA A100 SXM4 80 GB, Infiniband HDR, Ubuntu 22.04.5 LTS",University at Albany,Nvidia,United States,2024,Academic,23808,20736.0,3172.0,3854.59,1305600.0,,,,,,,Cluster,AMD EPYC 7742 64C 2.25GHz,AMD Zen-2 (Rome),2250,Ubuntu 22.04.5 LTS,Linux,NVIDIA A100 SXM4 80 GB,64,AMD Zen-2 (Rome),NVIDIA DGX A100,NVIDIA DGX,Infiniband,Infiniband HDR,North America,51046,180473
409,383.0,56,98,Toubkal,"PowerEdge C6420, CRC-StackHPC, Xeon Platinum 8276L 28C 2.2GHz, Mellanox InfiniBand HDR100",Mohammed VI Polytechnic University - African Supercomputing Centre,DELL,Morocco,2020,Academic,71232,,3158.11,5014.73,4475520.0,2500000.0,,754.92,Submitted,4.183370423,,Cluster,Xeon Platinum 8276L 28C 2.2GHz,Intel Cascade lake,2200,CentOS Scientific-OpenStack,Linux,None,28,Xeon Platinum 82xx (Cascade Lake),PowerEdge C6420,Dell PowerEdge Cluster,Infiniband,InfiniBand HDR100,Africa,50853,179908
416,390.0,55,92,Lichtenberg II (Phase 1),"MEGWARE MiriQuid, Intel Xeon Platinum 9242 48C 2.3GHz, Mellanox InfiniBand HDR100",Technische Universitaet Darmstadt,MEGWARE,Germany,2020,Academic,59136,,3148.38,4352.41,5102208.0,,,690.0,Submitted,4.562869565,,Cluster,Intel Xeon Platinum 9242 48C 2.3GHz,Intel Cascade lake,2300,CentOS,Linux,None,48,Xeon Platinum 92xx (Cascade Lake),MEGWARE MiriQuid,MEGWARE Cluster,Infiniband,InfiniBand HDR100,Europe,49078,179857
417,,67,417,LiDO4-GPU Partition,"HPC22S4RK-1 Cluster, AMD EPYC 9334 32C 2.7GHz, Infiniband NDR400, Rocky Linux 9",TU  Dortmund,NEC/Lenovo,Germany,2026,Academic,1088,,3145.0,4556.0,1074176.0,,46.0,59.8,Submitted,52.59197324,,Cluster,AMD EPYC 9334 32C 2.7GHz,AMD Zen-4 (Genoa),2700,Rocky Linux 9,Linux,None,32,AMD Zen-4 (Genoa),HPC22S4RK-1 Cluster,NEC Cluster,Infiniband,Infiniband NDR400,Europe,49079,180482
419,393.0,63,286,CLAIX-2023 (CPU segment),"NEC HPC1808Rk-2 DLC, Xeon Platinum 8468 48C 2.1GHz, Infiniband NDR, Rocky Linux 8",Universitaet Aachen/RWTH - IT Center,NEC,Germany,2024,Academic,57408,,3133.42,3812.66,4249344.0,,,676.45,Submitted,4.632153152,,Cluster,Xeon Platinum 8468 48C 2.1GHz,Intel Sapphire Rapids,2100,Rocky Linux 8,Linux,None,48,Xeon Platinum (Sapphire Rapids),NEC HPC1808Rk-2 DLC,NEC Cluster,Infiniband,Infiniband NDR,Europe,50675,180286
431,405.0,63,299,HoreKa-Teal,"ThinkSystem SD665-N V3, AMD EPYC 9354 32C 3.25GHz, Nvidia H100 94Gb SXM5, Infiniband NDR200",Karlsruher Institut für Technologie (KIT),Lenovo,Germany,2023,Academic,13616,12144.0,3123.0,5962.0,1013232.0,,,49.6,Submitted,62.96370968,,Cluster,AMD EPYC 9354 32C 3.25GHz,AMD Zen-4 (Genoa),3250,RHEL 8.6,Linux,Nvidia H100 SXM5 94Gb,32,AMD Zen-4 (Genoa),ThinkSystem SD665-N V3,Lenovo ThinkSystem,Infiniband,Infiniband NDR200,Europe,50444,180270
434,408.0,59,226,Komondor,"HPE Cray EX, AMD EPYC 7763 64C 2.45GHz, NVIDIA A100 SXM4 40 GB, Slingshot-11",Governmental Information-Technology Development Agency (KIFÜ),HPE,Hungary,2022,Academic,27776,24192.0,3105.0,4508.49,1064448.0,,,110.24,Submitted,28.16582003,,MPP,AMD EPYC 7763 64C 2.45GHz,AMD Zen-3 (Milan),2450,RHEL,Linux,NVIDIA A100 SXM4 40 GB,64,AMD Zen-3 (Milan),HPE Cray EX,HPE Cray EX,Gigabit Ethernet,Slingshot-11,Europe,50927,180079
436,409.0,61,230,Lichtenberg II (Phase 2),"ThinkSystem SD650 V3, Xeon Platinum 8470Q 52C 2.1GHz, InfiniBand HDR100",Technische Universitaet Darmstadt,Lenovo,Germany,2023,Academic,59904,,3098.52,4025.5488,,,,,,,,Cluster,Xeon Platinum 8470Q 52C 2.1GHz,Intel Sapphire Rapids,2100,RHEL 8.6,Linux,None,52,Xeon Platinum (Sapphire Rapids),ThinkSystem SD650 V3,Lenovo ThinkSystem,Infiniband,InfiniBand HDR100,Europe,49078,180136
443,418.0,53,72,Jean Zay,"HPE SGI 8600, Xeon Gold 6248 20C 2.5GHz, Intel Omni-Path",CNRS/IDRIS-GENCI,HPE,France,2019,Academic,61120,,3054.35,4867.2,5598720.0,,52.571,,,,,Cluster,Xeon Gold 6248 20C 2.5GHz,Intel Cascade lake,2500,RHEL 7.6,Linux,None,20,Xeon Gold 62xx (Cascade Lake),HPE SGI 8600,HPE SGI 8600,Omnipath,Intel Omni-Path,Europe,50403,179699
444,419.0,61,238,Barnard,"EVIDEN BullSequana X2140, Xeon Platinum 8470 52C 2GHz, Mellanox HDR Infiniband","TU Dresden, ZIH",Bull,Germany,2023,Academic,65520,,3047.36,4046.85,5387520.0,,,535.7,Submitted,5.688557028,,Cluster,Xeon Platinum 8470 52C 2GHz,Intel Sapphire Rapids,2000,Red Hat Enterprise Linux,Linux,None,52,Xeon Platinum (Sapphire Rapids),EVIDEN BullSequana X2140,EVIDEN BullSequana,Infiniband,Mellanox HDR Infiniband,Europe,50565,180137
445,420.0,66,420,KAIROS,"BullSequana XH3000, GH Superchip 72C 3GHz, NVIDIA GH200 Superchip, Quad-Rail NVIDIA InfiniBand NDR200, RedHat Enterprise Linux",CALMIP / University of Toulouse - CNRS,Bull,France,2025,Academic,13056,8448.0,3046.0,3421.18,1200128.0,,,46.18,Submitted,65.95928974,,Cluster,GH Superchip 72C 3GHz,NVIDIA Grace CPU,3000,Red Hat Enterprise Linux,Linux,NVIDIA GH200 Superchip,72,NVIDIA Grace,BullSequana XH3000,EVIDEN BullSequana,Infiniband,Quad-Rail NVIDIA InfiniBand NDR200,Europe,50539,180411
446,421.0,41,116,Palmetto2,"PowerEdge R740/R740xd/R750, Xeon 8358/6148/6248/6238R/6258R, NVIDIA Tesla A100 80G/40G, InfiniBand HDR100",Clemson University,DELL,United States,2022,Academic,52080,40800.0,3011.0,4580.12,1275552.0,,,,,,,Cluster,Xeon Gold 6148 20C 2.4GHz,Intel Skylake,2400,Rocky Linux 8.6,Linux,NVIDIA Tesla V100,20,Xeon Gold (Skylake),PowerEdge R750,Dell PowerEdge Cluster,Infiniband,InfiniBand HDR100,North America,50100,178083
454,429.0,52,423,Tetralith,"Intel H2204XXLRE, Xeon Gold 6130 16C 2.1GHz, Intel Omni-Path",National Supercomputer Centre (NSC),ClusterVision / Hammer,Sweden,2018,Academic,64512,,2969.19,4335.206,4160256.0,,65.241,,,,,Cluster,Xeon Gold 6130 16C 2.1GHz,Intel Skylake,2100,CentOS,Linux,None,16,Xeon Gold (Skylake),Intel H2204XXLRE,ClusterVision / Hammer Cluster,Omnipath,Intel Omni-Path,Europe,48488,179576
464,439.0,56,113,,"Inspur TS10000 HPC Server, Xeon Gold 6248R 24C 3GHz, InfiniBand HDR 100",Central South University,Inspur,China,2020,Academic,49056,,2889.41,4709.38,4680192.0,,,,,,,Cluster,Xeon Gold 6248R 24C 3GHz,Intel Cascade lake,3000,Linux,Linux,None,24,Xeon Gold 62xx (Cascade Lake),Inspur TS10000 HPC Server,Inspur Cluster,Infiniband,InfiniBand HDR100,Asia,50841,179873
475,450.0,57,149,"Karolina, CPU partition","Apollo 2000, AMD EPYC 7H12 64C 2.6GHz, InfiniBand HDR 100","IT4Innovations National Supercomputing Center, VSB-Technical University of Ostrava",HPE,Czechia,2021,Academic,92160,,2837.4,3833.86,4677120.0,,47.9706,502.7,Submitted,5.644320668,,Cluster,AMD EPYC 7H12 64C 2.6GHz,AMD Zen-2 (Rome),2600,CentOS,Linux,None,64,AMD Zen-2 (Rome),Apollo 2000,HPE Apollo,Infiniband,InfiniBand HDR100,Europe,50561,179926
478,453.0,64,381,,"HPE Cray XD220v, Xeon Platinum 8480+ 56C 2GHz, Infiniband HDR200, Rocky Linux","Tohoku University, Institute of Fluid Science",HPE,Japan,2024,Academic,49728,,2817.75,3182.59,3623040.0,,,,,,,Cluster,Xeon Platinum 8480+ 56C 2GHz,Intel Sapphire Rapids,2000,Rocky Linux,Linux,None,56,Xeon Platinum (Sapphire Rapids),HPE Cray XD220v,HPE Cray XD,Infiniband,Infiniband HDR200,Asia,48977,180323
489,465.0,53,82,VSC-4,"ThinkSystem SD650, Xeon Platinum 8174 24C 3.1GHz, Intel Omni-Path",Vienna Scientific Cluster,Lenovo,Austria,2019,Academic,37920,,2726.0779,3761.664,3385000.0,,,,,,,Cluster,Xeon Platinum 8174 24C 3.1GHz,Intel Skylake,3100,SUSE Linux Enterprise Server 12 SP3,Linux,None,24,Xeon Platinum (Skylake),ThinkSystem SD650,Lenovo ThinkSystem,Omnipath,Intel Omni-Path,Europe,50345,179697
